subreddit,threshold_source,sample_count,positive_upvote_samples,positive_comment_samples,alive_upvote_velocity_threshold,alive_comment_velocity_threshold,surging_upvote_velocity_threshold,surging_comment_velocity_threshold,dead_upvote_velocity_threshold,dead_comment_velocity_threshold
__global__,global_empirical,170189,115836,61795,5.8250041854677646,1.9972972130269497,98.32591592045344,13.996132797003941,1.251213199778753,0.90936134546222
Games,subreddit_empirical,24470,13169,6003,1.9998354429850642,1.000398521950922,8.054544497010271,5.0072920735465285,0.9973632784580105,0.49953702443728204
news,subreddit_empirical,40525,27892,10574,6.993090127644874,1.499842922563109,107.85094100575957,15.984560980682659,1.9455814870018129,0.5010342179227312
politics,subreddit_empirical,25765,20818,15237,6.986741693078877,1.9999521572556027,123.88669149198891,15.019601842689994,1.996669613540964,0.9985262274335667
technology,subreddit_empirical,40218,24166,12778,6.004953357585392,1.4996657869821561,191.9385078071938,10.258633019716651,1.1916004280314278,0.7492035791115557
worldnews,subreddit_empirical,39211,29791,17203,8.000969747583024,2.5032447312475252,104.75105764806548,19.173961006151714,1.9997838939090002,0.9987910325381589
