segment,row_count,upvote_mae,upvote_rmse,upvote_median_ae,upvote_r2,comment_mae,comment_rmse,comment_median_ae,comment_r2,recommendation_exact_match_rate,predicted_surge_count,predicted_surge_precision,predicted_active_count,predicted_active_precision,predicted_die_count,predicted_die_precision
games,9566,4.1934505747794,17.951987933061744,1.7023387140991053,0.31786725918662995,1.1890013139536406,6.966794572627901,0.0,0.17486546309097428,0.35803888772736775,1218,0.6403940886699507,3747,0.5561782759540966,4654,0.3450795015040825
news,14898,31.23243589076655,175.82708279315966,4.296500866147407,0.4973002779805159,3.200722665176956,23.71893928040472,0.0,0.21686967588573924,0.4381796214256947,2043,0.8418991678903573,7147,0.6870015391073178,5121,0.28471001757469244
politics,14867,39.98498156552511,211.91333417494312,3.4989268203744652,0.4487278333393795,4.135160318173681,16.026530765129138,0.7975332451277113,0.34027547549696646,0.4620972623932199,1832,0.75382096069869,6188,0.7482223658694247,5409,0.2477352560547236
technology,14658,17.561434139146964,136.7121602229946,2.698985598585345,0.4575239311820939,2.0502136806389397,10.704830909513197,0.0,0.38301615942280376,0.504843771319416,1894,0.8020063357972544,6213,0.7616288427490745,5857,0.44425473792043707
worldnews,16309,35.20142246353791,203.90693442522826,4.0,0.4642235091412813,4.622526140111408,22.788281930916877,0.09515038753274396,0.5231005261894659,0.483291434177448,2346,0.814151747655584,7666,0.771980172188886,5325,0.27361502347417843
